[
  {
    "name":"Cheerios",
    "mfr":"General Mills",
    "mfrC": "#60a2cc",
    "calories":88,
    "protein":5,
    "fat":2,
    "sodium":232,
    "fiber":2,
    "carbo":14,
    "sugars":1,
    "potass":84,
    "vitamins":20,
    "cups":"1",
    "rating":50.764999,
    "value":364088200
  },
  {
    "name":"Cinnamon Toast Crunch",
    "mfr":"General Mills",
    "mfrC": "#60a2cc",
    "calories":160,
    "protein":1,
    "fat":4,
    "sodium":280,
    "fiber":0,
    "carbo":17,
    "sugars":12,
    "potass":60,
    "vitamins":33,
    "cups":"1",
    "rating":19.823573,
    "value":292227600
  },
  {
    "name":"Froot Loops",
    "mfr":"Kellogs",
    "mfrC": "#ff8d3d",
    "calories":110,
    "protein":2,
    "fat":1,
    "sodium":125,
    "fiber":1,
    "carbo":11,
    "sugars":13,
    "potass":30,
    "vitamins":25,
    "cups":"1",
    "rating":32.207582,
    "value":176349800
  },
  {
    "name":"Frosted Flakes",
    "mfr":"Kellogs",
    "mfrC": "#ff8d3d",
    "calories":147,
    "protein":1,
    "fat":0,
    "sodium":267,
    "fiber":1,
    "carbo":19,
    "sugars":15,
    "potass":33,
    "vitamins":33,
    "cups":"1",
    "rating":31.435973,
    "value":446240300
  },
  {
    "name":"Frosted Mini-Wheats",
    "mfr":"Kellogs",
    "mfrC": "#ff8d3d",
    "calories":125,
    "protein":4,
    "fat":0,
    "sodium":0,
    "fiber":4,
    "carbo":18,
    "sugars":9,
    "potass":125,
    "vitamins":31,
    "cups":"1",
    "rating":58.345141,
    "value":281460000
  },
  {
    "name":"Honey Bunches Of Oats",
    "mfr":"Post",
    "mfrC": "#ff3a3a",
    "calories":160,
    "protein":3,
    "fat":2,
    "sodium":180,
    "fiber":3,
    "carbo":33,
    "sugars":8,
    "potass":73,
    "vitamins":null,
    "cups":"1",
    "rating":null,
    "value":379623800
  },
  {
    "name":"Honey Nut Cheerios",
    "mfr":"General Mills",
    "mfrC": "#60a2cc",
    "calories":147,
    "protein":4,
    "fat":1,
    "sodium":333,
    "fiber":2,
    "carbo":15,
    "sugars":13,
    "potass":120,
    "vitamins":33,
    "cups":"1",
    "rating":31.072217,
    "value":555897000
  },
  {
    "name":"Lucky Charms",
    "mfr":"General Mills",
    "mfrC": "#60a2cc",
    "calories":110,
    "protein":2,
    "fat":1,
    "sodium":180,
    "fiber":0,
    "carbo":12,
    "sugars":12,
    "potass":55,
    "vitamins":25,
    "cups":"1",
    "rating":26.734515,
    "value":259247700
  },
  {
    "name":"Raisin Bran",
    "mfr":"Kellogs",
    "mfrC": "#ff8d3d",
    "calories":160,
    "protein":4,
    "fat":1,
    "sodium":280,
    "fiber":7,
    "carbo":19,
    "sugars":16,
    "potass":320,
    "vitamins":33,
    "cups":"1",
    "rating":39.259197,
    "value":169878500
  },
  {
    "name":"Special K",
    "mfr":"Kellogs",
    "mfrC": "#ff8d3d",
    "calories":110,
    "protein":6,
    "fat":0,
    "sodium":230,
    "fiber":1,
    "carbo":16,
    "sugars":3,
    "potass":55,
    "vitamins":25,
    "cups":"1",
    "rating":53.131324,
    "value":284201800
  }
]